[
    {
        "text": "The only way to do great work is to love what you do.",
        "author": "Steve Jobs"
    },
    {
        "text": "Happiness is not something ready-made. It comes from your own actions.",
        "author": "Dalai Lama"
    },
    {
        "text": "The greatest glory in living lies not in never falling, but in rising every time we fall.",
        "author": "Nelson Mandela"
    },
    {
        "text": "The future belongs to those who believe in the beauty of their dreams.",
        "author": "Eleanor Roosevelt"
    },
    {
        "text": "The purpose of our lives is to be happy.",
        "author": "Dalai Lama"
    },
    {
        "text": "Life is what happens when you're busy making other plans.",
        "author": "John Lennon"
    },
    {
        "text": "In the midst of difficulty lies opportunity.",
        "author": "Albert Einstein"
    },
    {
        "text": "Believe you can and you're halfway there.",
        "author": "Theodore Roosevelt"
    }
]